testCaseId,testCaseTitle,nRuns,nFail,nPass,avgTime,last_run,lastOutcome,daysSinceLastRun,failRate,recentFailureBoost,normalizedTime,recencyScore,priorityScore
6,Test04 {Autobot1},104,104,0,4.041730769230769,2025-05-26 12:53:08,Failed,0,1.0,1,0.7580766554282066,0.0,0.8516153310856414
4,Test02 {Autobot2},104,54,50,2.0237403846153845,2025-05-26 12:55:10,Failed,0,0.5192307692307693,1,0.2538586746232577,0.0,0.5584640426169593
8,"Test06 {Autobot1,Autobot3}",104,29,75,2.0100673076923075,2025-05-26 12:53:08,Failed,0,0.2788461538461538,1,0.2504422999516515,0.0,0.4616269215287918
9,"Test07 {Autobot2,Autobot3}",104,59,45,3.014519230769231,2025-05-26 12:55:10,Passed,0,0.5673076923076923,0,0.5014161025676748,0.0,0.3272062974366119
13,Test11 {Autobot2},104,53,51,3.0104903846153848,2025-05-26 12:55:10,Passed,0,0.5096153846153846,0,0.5004094492713295,0.0,0.3039280437004197
12,Test10 {Autobot1},104,44,60,2.010028846153846,2025-05-26 12:53:08,Passed,0,0.4230769230769231,0,0.2504326898963164,0.0,0.2193173072100325
18,Test16 {Autobot1},104,35,69,2.009817307692308,2025-05-26 12:53:08,Passed,0,0.3365384615384615,0,0.2503798345919738,0.0,0.1846913515337794
3,Test01 {Autobot1},104,6,98,1.0189903846153845,2025-05-26 12:53:08,Passed,0,0.0576923076923076,0,0.0028103940783879,0.0,0.0236390018926006
